{
    "parent": "item/handheld",
    "textures": {
        "layer0": "item/bucler"
    },
	"display": {
        "thirdperson_righthand": {
            "rotation": [ -90, 270, 90 ],
            "scale": [ 0.6, 0.6, 0.6 ],
			"translation": [ 2, -2, 2.5 ]
        },
        "thirdperson_lefthand": {
            "rotation": [ -90, 270, 90 ],
            "scale": [ 0.6, 0.6, 0.6 ],
			"translation": [ 2, -2, 2.5 ]
        },
        "firstperson_lefthand": {
            "rotation": [ 0, 90, 90 ],
            "scale": [ 1.0, 1.0, 1.0 ],
			"translation": [ 4, -90, -1]
        },
		"firstperson_righthand": {
            "rotation": [ 0, 90, 90 ],
            "scale": [ 1.0, 1.0, 1.0 ],
			"translation": [ 6, -90, -1]
        }
    }
}
