{
    "parent": "item/handheld",
    "textures": {
        "layer0": "item/mp40"
    },
	"display": {
        "thirdperson_righthand": {
            "rotation": [ 60, 270, 100 ],
            "scale": [ 0.9, 0.9, 0.9 ],
			"translation": [ 0, 3, 0 ]
        },
        "thirdperson_lefthand": {
            "rotation": [ 60, 90, -100 ],
            "scale": [ 0.9, 0.9, 0.9 ],
			"translation": [ 0, 3, 0 ]
        },
        "firstperson_lefthand": {
            "rotation": [ 90, 90, 90 ],
            "scale": [ 1.0, 1.0, 1.0 ],
			"translation": [ 4, -90, -1]
        },
		"firstperson_righthand": {
            "rotation": [ -50, -90, 0 ],
            "scale": [ 0.9, 0.9, 0.9 ],
			"translation": [ 0, 5, -1]
        }
    }
}
