{
    "parent": "item/handheld",
    "textures": {
        "layer0": "item/diamond_scythe"
    },
	"display": {
        "thirdperson_righthand": {
            "rotation": [ -80, 260, -40 ],
			"scale": [ 1.5, 1.5, 1.5 ],
            "translation": [ -1, 5, 2.5 ]
        },
        "thirdperson_lefthand": {
            "rotation": [ 60, 0, 180 ],
			"scale": [ 1.5, 1.5, 1.5 ],
            "translation": [ -6, -5 , 10]
        },
        "firstperson_righthand": {
            "rotation": [ 0, -90, 25 ],
			"scale": [ 1.5, 1.5, 1.5 ],
            "translation": [ 1.13, 3.2, 1.13]
        },
        "firstperson_lefthand": {
            "rotation": [ 0, 0, -25 ],
			"scale": [ 1.5, 1.5, 1.5 ],
            "translation": [ 1.13, -30, 1.13]
        }
    }
}
