{
    "parent": "item/handheld",
    "textures": {
        "layer0": "item/platinum_warhammer"
    },
    "display": {
        "thirdperson_righthand": {
            "rotation": [ -80, 260, -40 ],
            "scale": [ 1.3, 1.3, 1.3 ],
			"translation": [ -2, 6.5, 2.5 ]
        },
        "thirdperson_lefthand": {
            "rotation": [ -120, 180, -20 ],
            "scale": [ 1.3, 1.3, 1.3 ],
			"translation": [ -5.5, -7.5, 9.5 ]
        },
        "firstperson_righthand": {
            "rotation": [ 0, -90, 25 ],
            "scale": [ 1.5, 1.5, 1.5 ],
			"translation": [ 1.13, 6.2, 1.13]
        },
        "firstperson_lefthand": {
            "rotation": [ 0, 90, 90 ],
            "scale": [ 1.5, 1.5, 1.5 ],
			"translation": [ 4, -90, -1]
        }
    }
}
