{
    "parent": "item/handheld",
    "textures": {
        "layer0": "item/platinum_axe"
    },
	"display": {
        "thirdperson_righthand": {
            "rotation": [ -80, 260, -30 ],
            "scale": [ 1.2, 1.2, 1.2 ],
			"translation": [ -1, 6, 1.5 ]
        },
        "thirdperson_lefthand": {
            "rotation": [ 80, 90, -120 ],
            "scale": [ 1.2, 1.2, 1.2 ],
			"translation": [ 0, 6, 3 ]
        },
        "firstperson_righthand": {
            "rotation": [ -10, -70, 25 ],
            "scale": [ 0.9, 0.9, 0.9 ],
			"translation": [ 1.13, 5.2, 1.13]
        },
        "firstperson_lefthand": {
			"rotation": [ 85, 80, -125 ],
            "scale": [ 0.9, 0.9, 0.9 ],
			"translation": [ 1.03, 4.2, 0.86]
        }
    }
}
